지점,지점명,일시,기온,강수량,풍속,습도
119,수원,2023-09-01 4:00,18.9,,1.7,97
119,수원,2023-09-01 5:00,18.5,,0,97
119,수원,2023-09-01 6:00,18.6,,0,98
119,수원,2023-09-01 7:00,19.4,,0.4,99
119,수원,2023-09-01 8:00,21.4,,0.9,92
119,수원,2023-09-01 9:00,23.8,,0.3,77
119,수원,2023-09-01 10:00,25.5,,1.2,67
119,수원,2023-09-01 11:00,27.1,,2.4,53
119,수원,2023-09-01 12:00,27.8,,2.5,49
119,수원,2023-09-01 13:00,28.3,,3.1,43
119,수원,2023-09-01 14:00,28.8,,3,42
119,수원,2023-09-01 15:00,29.6,,2.9,43
119,수원,2023-09-01 16:00,29.3,,2.9,43
119,수원,2023-09-01 17:00,29.3,,2,44
119,수원,2023-09-01 18:00,27.5,,2.8,56
119,수원,2023-09-01 19:00,24.2,,2.3,74
119,수원,2023-09-01 20:00,23,,1.2,77
119,수원,2023-09-01 21:00,22.2,,0.7,79
119,수원,2023-09-01 22:00,21.6,,0.2,83
119,수원,2023-09-01 23:00,21.4,,1,84
119,수원,2023-09-02 0:00,21.3,,1,84
119,수원,2023-09-02 1:00,20.4,,0.4,89
119,수원,2023-09-02 2:00,19.8,,0,92
119,수원,2023-09-02 3:00,19.5,,1.1,94
119,수원,2023-09-02 4:00,19.1,,0.5,94
119,수원,2023-09-02 5:00,18.7,,0.3,96
119,수원,2023-09-02 6:00,18.5,,0,95
119,수원,2023-09-02 7:00,19.3,,0.1,97
119,수원,2023-09-02 8:00,22.1,,1.3,88
119,수원,2023-09-02 9:00,24.1,,1.2,75
119,수원,2023-09-02 10:00,26.2,,2,62
119,수원,2023-09-02 11:00,27.3,,2.1,51
119,수원,2023-09-02 12:00,28,,2.1,51
119,수원,2023-09-02 13:00,28.8,,2.4,51
119,수원,2023-09-02 14:00,29.9,,2,45
119,수원,2023-09-02 15:00,30.3,,2,41
119,수원,2023-09-02 16:00,30.7,,1,44
119,수원,2023-09-02 17:00,30.3,,1.5,44
119,수원,2023-09-02 18:00,29.3,,1.4,46
119,수원,2023-09-02 19:00,26.8,,1.5,56
119,수원,2023-09-02 20:00,24.8,,0.3,68
119,수원,2023-09-02 21:00,23.9,,0.3,80
119,수원,2023-09-02 22:00,23.5,,0,82
119,수원,2023-09-02 23:00,24.1,,1.7,71
119,수원,2023-09-03 0:00,25,,1.6,70
119,수원,2023-09-03 1:00,24.8,,0.7,72
119,수원,2023-09-03 2:00,24.8,0,1.2,75
119,수원,2023-09-03 3:00,22.9,1.4,2.3,91
119,수원,2023-09-03 4:00,22.7,3.3,0.5,96
119,수원,2023-09-03 5:00,22.7,,1.2,94
119,수원,2023-09-03 6:00,22.7,0.2,0.9,94
119,수원,2023-09-03 7:00,23,0,2.2,92
119,수원,2023-09-03 8:00,23,0.1,1.6,93
119,수원,2023-09-03 9:00,23.3,0.8,2.1,93
119,수원,2023-09-03 10:00,25.4,,2.8,83
119,수원,2023-09-03 11:00,26.7,,1.6,78
119,수원,2023-09-03 12:00,27.8,,2,75
119,수원,2023-09-03 13:00,28.5,,2.7,72
119,수원,2023-09-03 14:00,29.5,,1.4,69
119,수원,2023-09-03 15:00,28.9,,1.6,71
119,수원,2023-09-03 16:00,28.6,,1.9,71
119,수원,2023-09-03 17:00,28.8,,1.6,72
119,수원,2023-09-03 18:00,28.3,,0.9,72
119,수원,2023-09-03 19:00,26.4,0,2.5,77
119,수원,2023-09-03 20:00,25.8,0,0.6,82
119,수원,2023-09-03 21:00,26,,0.4,82
119,수원,2023-09-03 22:00,25.5,,1.1,84
119,수원,2023-09-03 23:00,25.6,,1.2,83
119,수원,2023-09-04 0:00,25.5,,1.1,83
119,수원,2023-09-04 1:00,24.9,,1,86
119,수원,2023-09-04 2:00,24.9,,0.8,85
119,수원,2023-09-04 3:00,25.1,,1.4,84
119,수원,2023-09-04 4:00,23.9,3.7,2.2,95
119,수원,2023-09-04 5:00,23.8,0.3,0.9,96
119,수원,2023-09-04 6:00,23.7,0,0.7,96
119,수원,2023-09-04 7:00,24,,0.9,96
119,수원,2023-09-04 8:00,24.6,,0.6,92
119,수원,2023-09-04 9:00,25.7,,0.8,88
119,수원,2023-09-04 10:00,27,,1.4,81
119,수원,2023-09-04 11:00,28.5,,1.2,73
119,수원,2023-09-04 12:00,29.3,,2.1,69
119,수원,2023-09-04 13:00,29.6,,1.4,68
119,수원,2023-09-04 14:00,29.9,,2.3,66
119,수원,2023-09-04 15:00,29.6,,1.9,66
119,수원,2023-09-04 16:00,29.6,,1.4,70
119,수원,2023-09-04 17:00,29.7,,2.4,70
119,수원,2023-09-04 18:00,28.7,,2.1,75
119,수원,2023-09-04 19:00,27.8,,1.1,81
119,수원,2023-09-04 20:00,26.9,,1.4,85
119,수원,2023-09-04 21:00,26.6,,1.8,85
119,수원,2023-09-04 22:00,26.4,,1.1,86
119,수원,2023-09-04 23:00,26,,0,88
119,수원,2023-09-05 0:00,25.6,,0.1,89
119,수원,2023-09-05 1:00,25.2,,0,92
119,수원,2023-09-05 2:00,25.6,,1.9,88
119,수원,2023-09-05 3:00,25.9,,2.1,83
119,수원,2023-09-05 4:00,25.6,,2.2,82
119,수원,2023-09-05 5:00,25.3,,1.2,81
119,수원,2023-09-05 6:00,24.7,,0.7,84
119,수원,2023-09-05 7:00,25,,0.6,82
119,수원,2023-09-05 8:00,25.6,,1,77
119,수원,2023-09-05 9:00,26.5,,1,71
119,수원,2023-09-05 10:00,27.2,,2.2,69
119,수원,2023-09-05 11:00,28.7,,2.6,63
119,수원,2023-09-05 12:00,30.1,,1.7,58
119,수원,2023-09-05 13:00,30.5,,2.8,56
119,수원,2023-09-05 14:00,31.8,,1.4,55
119,수원,2023-09-05 15:00,32,,2.1,50
119,수원,2023-09-05 16:00,32.1,,2.1,53
119,수원,2023-09-05 17:00,32.3,,1.7,50
119,수원,2023-09-05 18:00,30.2,,2,66
119,수원,2023-09-05 19:00,27.2,,2.2,77
119,수원,2023-09-05 20:00,26.9,,3.2,65
119,수원,2023-09-05 21:00,24.6,,2.2,72
119,수원,2023-09-05 22:00,23.5,,0.3,82
119,수원,2023-09-05 23:00,23,,0.8,84
119,수원,2023-09-06 0:00,22.8,,0,86
119,수원,2023-09-06 1:00,22.7,,0.9,88
119,수원,2023-09-06 2:00,22.6,,0,88
119,수원,2023-09-06 3:00,22.4,,0.7,90
119,수원,2023-09-06 4:00,22.7,,0.2,90
119,수원,2023-09-06 5:00,22.1,,0.6,93
119,수원,2023-09-06 6:00,22.4,,0.6,94
119,수원,2023-09-06 7:00,23.8,,0.9,90
119,수원,2023-09-06 8:00,25.6,,1.9,80
119,수원,2023-09-06 9:00,27.4,,1.7,70
119,수원,2023-09-06 10:00,28.7,,1.8,68
119,수원,2023-09-06 11:00,28.7,,1.4,65
119,수원,2023-09-06 12:00,29.3,,2.2,62
119,수원,2023-09-06 13:00,29.7,,2.5,59
119,수원,2023-09-06 14:00,30.5,,2.5,54
119,수원,2023-09-06 15:00,30.4,,2.6,53
119,수원,2023-09-06 16:00,31,,3,45
119,수원,2023-09-06 17:00,31.4,,2,46
119,수원,2023-09-06 18:00,30.8,,1.6,50
119,수원,2023-09-06 19:00,29,,1.4,55
119,수원,2023-09-06 20:00,28.1,,1.9,59
119,수원,2023-09-06 21:00,27.4,,2,61
119,수원,2023-09-06 22:00,26.6,,2.9,61
119,수원,2023-09-06 23:00,26.1,,2.4,60
119,수원,2023-09-07 0:00,25.6,,3.7,57
119,수원,2023-09-07 1:00,24.8,,2.5,60
119,수원,2023-09-07 2:00,23.6,,2.2,63
119,수원,2023-09-07 3:00,21.8,,1,71
119,수원,2023-09-07 4:00,20.7,,1.4,77
119,수원,2023-09-07 5:00,20.8,,0.7,77
119,수원,2023-09-07 6:00,20.5,,0.9,78
119,수원,2023-09-07 7:00,21.3,,0.9,78
119,수원,2023-09-07 8:00,23.9,,2.2,65
119,수원,2023-09-07 9:00,25.1,,3.4,52
119,수원,2023-09-07 10:00,26.4,,2.4,50
119,수원,2023-09-07 11:00,27.9,,2.4,46
119,수원,2023-09-07 12:00,28.7,,2.6,43
119,수원,2023-09-07 13:00,30,,2.3,40
119,수원,2023-09-07 14:00,30.7,,1.6,36
119,수원,2023-09-07 15:00,30.8,,3,36
119,수원,2023-09-07 16:00,30.6,,2.8,36
119,수원,2023-09-07 17:00,30.7,,1.5,38
119,수원,2023-09-07 18:00,29.6,,2,41
119,수원,2023-09-07 19:00,27.6,,1.5,51
119,수원,2023-09-07 20:00,26,,1.3,56
119,수원,2023-09-07 21:00,26.1,,2.5,52
119,수원,2023-09-07 22:00,25.4,,1.4,53
119,수원,2023-09-07 23:00,25,,2.9,52
119,수원,2023-09-08 0:00,23.6,,1.7,56
119,수원,2023-09-08 1:00,22.1,,1.5,61
119,수원,2023-09-08 2:00,21.7,,1.5,63
119,수원,2023-09-08 3:00,20.4,,0.1,68
119,수원,2023-09-08 4:00,19,,0.5,75
119,수원,2023-09-08 5:00,18.5,,0.6,78
119,수원,2023-09-08 6:00,18.3,,0.6,80
119,수원,2023-09-08 7:00,20.1,,1,74
119,수원,2023-09-08 8:00,22.7,,2.3,62
119,수원,2023-09-08 9:00,24.3,,3,58
119,수원,2023-09-08 10:00,25.9,,2,50
119,수원,2023-09-08 11:00,26.9,,2.1,46
119,수원,2023-09-08 12:00,28.1,,1.5,42
119,수원,2023-09-08 13:00,29.3,,1.3,40
119,수원,2023-09-08 14:00,29.4,,2.2,41
119,수원,2023-09-08 15:00,30.3,,1.7,39
119,수원,2023-09-08 16:00,30.4,,2.7,40
119,수원,2023-09-08 17:00,28.5,,3.4,53
119,수원,2023-09-08 18:00,27.1,,2.4,59
119,수원,2023-09-08 19:00,24.5,,1.8,70
119,수원,2023-09-08 20:00,23.5,,1.2,75
119,수원,2023-09-08 21:00,22.8,,0,78
119,수원,2023-09-08 22:00,22.4,,0.1,81
119,수원,2023-09-08 23:00,21.7,,0,84
119,수원,2023-09-09 0:00,21.3,,0,86
119,수원,2023-09-09 1:00,20.9,,1.1,89
119,수원,2023-09-09 2:00,20.3,,0.1,91
119,수원,2023-09-09 3:00,20.5,,1.4,90
119,수원,2023-09-09 4:00,20.9,,2.4,88
119,수원,2023-09-09 5:00,20.5,,1.9,90
119,수원,2023-09-09 6:00,20.2,,1,89
119,수원,2023-09-09 7:00,20.4,,0,89
119,수원,2023-09-09 8:00,23.1,,1.3,79
119,수원,2023-09-09 9:00,24.3,,1.4,75
119,수원,2023-09-09 10:00,25.7,,1.9,68
119,수원,2023-09-09 11:00,27.9,,1.1,61
119,수원,2023-09-09 12:00,29.1,,2,58
119,수원,2023-09-09 13:00,30.1,,2,51
119,수원,2023-09-09 14:00,30,,2.6,51
119,수원,2023-09-09 15:00,30.6,,2.9,52
119,수원,2023-09-09 16:00,29.8,,3.3,55
119,수원,2023-09-09 17:00,29.1,,2.7,53
119,수원,2023-09-09 18:00,26.8,,2,57
119,수원,2023-09-09 19:00,24.4,,1.4,66
119,수원,2023-09-09 20:00,24,,1.2,70
119,수원,2023-09-09 21:00,23.8,,1.1,73
119,수원,2023-09-09 22:00,23.5,,0.2,76
119,수원,2023-09-09 23:00,22.8,,0.5,76
119,수원,2023-09-10 0:00,22.2,,0.3,79
119,수원,2023-09-10 1:00,22,,0,81
119,수원,2023-09-10 2:00,21.3,,0,83
119,수원,2023-09-10 3:00,20.8,,0,88
119,수원,2023-09-10 4:00,20.5,,0,89
119,수원,2023-09-10 5:00,20.2,,0.6,91
119,수원,2023-09-10 6:00,20.1,,0,91
119,수원,2023-09-10 7:00,21.3,,0.5,87
119,수원,2023-09-10 8:00,23.6,,1.9,75
119,수원,2023-09-10 9:00,25.3,,2.3,68
119,수원,2023-09-10 10:00,26.9,,2.2,63
119,수원,2023-09-10 11:00,27,,1.1,60
119,수원,2023-09-10 12:00,28.7,,2,57
119,수원,2023-09-10 13:00,28.9,,2.5,58
119,수원,2023-09-10 14:00,28.2,,3.3,61
119,수원,2023-09-10 15:00,29.4,,2.3,58
119,수원,2023-09-10 16:00,29.9,,3,55
119,수원,2023-09-10 17:00,28.9,,2.4,56
119,수원,2023-09-10 18:00,26.4,,1.8,63
119,수원,2023-09-10 19:00,24.8,,1.7,70
119,수원,2023-09-10 20:00,23.9,,0.8,75
119,수원,2023-09-10 21:00,23.4,,1.1,76
119,수원,2023-09-10 22:00,23,,0.5,76
119,수원,2023-09-10 23:00,22.5,,0.7,80
119,수원,2023-09-11 0:00,22.2,,0.9,80
119,수원,2023-09-11 1:00,21.8,,0,83
119,수원,2023-09-11 2:00,21.7,,0,86
119,수원,2023-09-11 3:00,21.5,,0,87
119,수원,2023-09-11 4:00,21.6,,0.5,87
119,수원,2023-09-11 5:00,21.6,,0,88
119,수원,2023-09-11 6:00,21.8,,1.6,86
119,수원,2023-09-11 7:00,22.2,,0,87
119,수원,2023-09-11 8:00,22.8,,1.8,86
119,수원,2023-09-11 9:00,24.7,,0.5,77
119,수원,2023-09-11 10:00,26.5,,1.5,69
119,수원,2023-09-11 11:00,27.4,,1.3,62
119,수원,2023-09-11 12:00,27.7,,2.5,62
119,수원,2023-09-11 13:00,27.9,,2.1,59
119,수원,2023-09-11 14:00,29.8,,2.4,51
119,수원,2023-09-11 15:00,29.4,,3,52
119,수원,2023-09-11 16:00,29.1,,3.3,52
119,수원,2023-09-11 17:00,27.9,,2.9,52
119,수원,2023-09-11 18:00,26.9,,2.5,57
119,수원,2023-09-11 19:00,24.8,,2,66
119,수원,2023-09-11 20:00,23.4,,1.4,72
119,수원,2023-09-11 21:00,22.6,,0.4,75
119,수원,2023-09-11 22:00,22.4,,1,76
119,수원,2023-09-11 23:00,22.1,,0.9,77
119,수원,2023-09-12 0:00,21.8,,0.6,81
119,수원,2023-09-12 1:00,21.6,,0.2,83
119,수원,2023-09-12 2:00,21.2,,0,85
119,수원,2023-09-12 3:00,21,,0.5,88
119,수원,2023-09-12 4:00,20.7,,0.2,89
119,수원,2023-09-12 5:00,20.3,,0,91
119,수원,2023-09-12 6:00,20.1,,0.2,92
119,수원,2023-09-12 7:00,20.7,,0.6,92
119,수원,2023-09-12 8:00,23.8,,0.4,78
119,수원,2023-09-12 9:00,25,,0.7,72
119,수원,2023-09-12 10:00,26.6,,0.5,66
119,수원,2023-09-12 11:00,27.4,,1.1,61
119,수원,2023-09-12 12:00,28.4,,1.8,55
119,수원,2023-09-12 13:00,29.5,,2.1,46
119,수원,2023-09-12 14:00,29.5,,1.8,47
119,수원,2023-09-12 15:00,29.5,,1.9,49
119,수원,2023-09-12 16:00,29.3,,2.8,58
119,수원,2023-09-12 17:00,28.1,,2.8,58
119,수원,2023-09-12 18:00,27.5,,1.7,61
119,수원,2023-09-12 19:00,25.1,,1.4,67
119,수원,2023-09-12 20:00,24.3,,0.9,74
119,수원,2023-09-12 21:00,23.7,,0.4,78
119,수원,2023-09-12 22:00,23.4,,0.9,82
119,수원,2023-09-12 23:00,23.1,,0,82
119,수원,2023-09-13 0:00,23.1,,0.7,83
119,수원,2023-09-13 1:00,22.9,,0,85
119,수원,2023-09-13 2:00,22.9,,0.1,85
119,수원,2023-09-13 3:00,22.9,,1.3,84
119,수원,2023-09-13 4:00,22.8,,0.3,84
119,수원,2023-09-13 5:00,22.7,0,0,86
119,수원,2023-09-13 6:00,23,,1.4,84
119,수원,2023-09-13 7:00,23.1,0,1.2,84
119,수원,2023-09-13 8:00,23.3,0,0.9,84
119,수원,2023-09-13 9:00,24,0,1.1,80
119,수원,2023-09-13 10:00,24.2,0,1.9,81
119,수원,2023-09-13 11:00,23.4,0.1,2.9,82
119,수원,2023-09-13 12:00,21.4,1.6,1.2,87
119,수원,2023-09-13 13:00,21.3,1.6,1.3,89
119,수원,2023-09-13 14:00,21.1,1.3,1.9,93
119,수원,2023-09-13 15:00,21,3.3,0.3,95
119,수원,2023-09-13 16:00,20.4,3.9,1.7,96
119,수원,2023-09-13 17:00,19.8,7.8,1.1,97
119,수원,2023-09-13 18:00,19.8,6.5,1.1,96
119,수원,2023-09-13 19:00,19.9,3.3,0.4,96
119,수원,2023-09-13 20:00,19.9,3,1.7,94
119,수원,2023-09-13 21:00,19.8,1.8,2.1,93
119,수원,2023-09-13 22:00,19.7,0.6,1.3,93
119,수원,2023-09-13 23:00,19.5,0,1.7,95
119,수원,2023-09-14 0:00,19.5,0.1,1.2,94
119,수원,2023-09-14 1:00,19.3,0,1.1,91
119,수원,2023-09-14 2:00,19.1,0.1,0.7,95
119,수원,2023-09-14 3:00,19.2,0.1,0.7,94
119,수원,2023-09-14 4:00,19.3,,1.1,92
119,수원,2023-09-14 5:00,19.4,,1,90
119,수원,2023-09-14 6:00,19.4,,0.5,90
119,수원,2023-09-14 7:00,19.2,,0.2,93
119,수원,2023-09-14 8:00,20.2,,0.6,88
119,수원,2023-09-14 9:00,21.9,,0.7,82
119,수원,2023-09-14 10:00,23,,2.4,74
119,수원,2023-09-14 11:00,24.9,,3.1,68
119,수원,2023-09-14 12:00,25.4,,3,66
119,수원,2023-09-14 13:00,25.7,,2.5,64
119,수원,2023-09-14 14:00,25.8,,3.6,62
119,수원,2023-09-14 15:00,25.9,,3.1,64
119,수원,2023-09-14 16:00,25.8,,2.9,66
119,수원,2023-09-14 17:00,25.6,,2.4,68
119,수원,2023-09-14 18:00,25.2,,1.8,69
119,수원,2023-09-14 19:00,24.6,,0.8,71
119,수원,2023-09-14 20:00,24.1,,2.2,71
119,수원,2023-09-14 21:00,23.7,,2.2,71
119,수원,2023-09-14 22:00,23.6,,3.2,69
119,수원,2023-09-14 23:00,23.5,,3.5,67
119,수원,2023-09-15 0:00,23.4,,3,68
119,수원,2023-09-15 1:00,23.1,,1.5,69
119,수원,2023-09-15 2:00,22.8,,2.2,70
119,수원,2023-09-15 3:00,22.4,0,2.1,71
119,수원,2023-09-15 4:00,22.2,,2.6,74
119,수원,2023-09-15 5:00,21.4,0,2.2,82
119,수원,2023-09-15 6:00,20.6,0.4,2.3,87
119,수원,2023-09-15 7:00,20.4,0.9,1.3,91
119,수원,2023-09-15 8:00,20.5,0.7,2.1,92
119,수원,2023-09-15 9:00,21,0.2,2.2,91
119,수원,2023-09-15 10:00,21.6,0.1,2.4,88
119,수원,2023-09-15 11:00,22,0,3.2,86
119,수원,2023-09-15 12:00,22,0.5,1.3,87
119,수원,2023-09-15 13:00,22,0.7,2,90
119,수원,2023-09-15 14:00,22.3,1.3,1.4,90
119,수원,2023-09-15 15:00,22.7,0.1,2.2,86
119,수원,2023-09-15 16:00,23.2,,1.7,84
119,수원,2023-09-15 17:00,23.2,,1.5,83
119,수원,2023-09-15 18:00,23.4,,2.1,83
119,수원,2023-09-15 19:00,23.3,0,1.6,84
119,수원,2023-09-15 20:00,23,0,2.4,86
119,수원,2023-09-15 21:00,22.8,,2.5,87
119,수원,2023-09-15 22:00,22.6,0.1,1.7,90
119,수원,2023-09-15 23:00,22.4,0,1.2,91
119,수원,2023-09-16 0:00,22.2,0.6,0.1,94
119,수원,2023-09-16 1:00,22.1,0.4,0.6,96
119,수원,2023-09-16 2:00,22.1,0,1.5,94
119,수원,2023-09-16 3:00,21.9,0,0,96
119,수원,2023-09-16 4:00,21.9,0.1,0.4,97
119,수원,2023-09-16 5:00,21.9,0,0.1,96
119,수원,2023-09-16 6:00,22,,0.4,96
119,수원,2023-09-16 7:00,22.2,,1.8,95
119,수원,2023-09-16 8:00,22.7,,1.5,92
119,수원,2023-09-16 9:00,23.5,,1.8,90
119,수원,2023-09-16 10:00,24.9,,0.8,84
119,수원,2023-09-16 11:00,25.6,,0.9,83
119,수원,2023-09-16 12:00,26.2,,1.5,77
119,수원,2023-09-16 13:00,26.6,,1.2,75
119,수원,2023-09-16 14:00,26.5,0,0.8,77
119,수원,2023-09-16 15:00,25.8,0,1,82
119,수원,2023-09-16 16:00,25.5,0.5,0,87
119,수원,2023-09-16 17:00,24.8,0.4,0.6,90
119,수원,2023-09-16 18:00,24.1,1.3,2.1,93
119,수원,2023-09-16 19:00,24,0.3,1.1,94
119,수원,2023-09-16 20:00,23.8,0.1,1.4,96
119,수원,2023-09-16 21:00,23.7,0.1,1.9,89
119,수원,2023-09-16 22:00,23.3,,0.2,93
119,수원,2023-09-16 23:00,23.2,0.4,0.3,95
119,수원,2023-09-17 0:00,22.9,0,0.4,95
119,수원,2023-09-17 1:00,22.6,,2,96
119,수원,2023-09-17 2:00,22.5,,1.3,96
119,수원,2023-09-17 3:00,22.4,0,0.1,97
119,수원,2023-09-17 4:00,22.3,0,0.4,97
119,수원,2023-09-17 5:00,22.3,,0.9,97
119,수원,2023-09-17 6:00,22.2,,0.2,96
119,수원,2023-09-17 7:00,22.2,,0.7,97
119,수원,2023-09-17 8:00,23.9,,2.3,88
119,수원,2023-09-17 9:00,24.5,,0.9,82
119,수원,2023-09-17 10:00,26.3,,1.6,76
119,수원,2023-09-17 11:00,26.7,,2.1,71
119,수원,2023-09-17 12:00,26.4,,1.7,72
119,수원,2023-09-17 13:00,27.6,,1.9,70
119,수원,2023-09-17 14:00,28.1,,2.3,66
119,수원,2023-09-17 15:00,28.5,,2.3,64
119,수원,2023-09-17 16:00,27.5,,2.5,71
119,수원,2023-09-17 17:00,27.2,,1.8,72
119,수원,2023-09-17 18:00,26.9,,1.7,72
119,수원,2023-09-17 19:00,25.1,,2.3,80
119,수원,2023-09-17 20:00,24.2,,1,85
119,수원,2023-09-17 21:00,23.8,,1.2,89
119,수원,2023-09-17 22:00,23.1,,0.8,91
119,수원,2023-09-17 23:00,22.8,,1,93
119,수원,2023-09-18 0:00,22.7,,0.4,93
119,수원,2023-09-18 1:00,22.8,,0.6,92
119,수원,2023-09-18 2:00,22.2,,0,92
119,수원,2023-09-18 3:00,21.6,,0.4,95
119,수원,2023-09-18 4:00,21.5,,0.5,96
119,수원,2023-09-18 5:00,21.9,,0,97
119,수원,2023-09-18 6:00,22,,1.1,96
119,수원,2023-09-18 7:00,22.2,,0.5,96
119,수원,2023-09-18 8:00,23.2,,1.8,92
119,수원,2023-09-18 9:00,24.3,,1.9,85
119,수원,2023-09-18 10:00,25.2,,1.6,78
119,수원,2023-09-18 11:00,26.6,,2.7,71
119,수원,2023-09-18 12:00,28.2,,2.3,64
119,수원,2023-09-18 13:00,28.4,,3.3,62
119,수원,2023-09-18 14:00,27.2,,2.9,71
119,수원,2023-09-18 15:00,28.3,,2.8,66
119,수원,2023-09-18 16:00,29.2,,2.9,56
119,수원,2023-09-18 17:00,28.2,,2.5,57
119,수원,2023-09-18 18:00,26.5,,2.5,70
119,수원,2023-09-18 19:00,24.4,,2.8,79
119,수원,2023-09-18 20:00,23.1,,1.1,84
119,수원,2023-09-18 21:00,22.1,,1.4,91
119,수원,2023-09-18 22:00,22,,1.2,93
119,수원,2023-09-18 23:00,21.4,,0.9,93
119,수원,2023-09-19 0:00,20.8,,0.3,93
119,수원,2023-09-19 1:00,20.5,,0.3,95
119,수원,2023-09-19 2:00,20.5,,1.1,97
119,수원,2023-09-19 3:00,20.4,,1.6,97
119,수원,2023-09-19 4:00,20.6,,1.2,99
119,수원,2023-09-19 5:00,20.4,,1.3,99
119,수원,2023-09-19 6:00,20.6,,1,99
119,수원,2023-09-19 7:00,20.6,,0.8,100
119,수원,2023-09-19 8:00,21.1,,0.5,99
119,수원,2023-09-19 9:00,21.9,,1.6,95
119,수원,2023-09-19 10:00,23.9,,0.9,83
119,수원,2023-09-19 11:00,25.8,,1.3,73
119,수원,2023-09-19 12:00,26.7,,1.8,64
119,수원,2023-09-19 13:00,27.8,,1.7,60
119,수원,2023-09-19 14:00,27.7,,1.4,59
119,수원,2023-09-19 15:00,26.9,,2.5,62
119,수원,2023-09-19 16:00,26.1,,2.3,70
119,수원,2023-09-19 17:00,25.4,,2,72
119,수원,2023-09-19 18:00,24.6,,2.6,81
119,수원,2023-09-19 19:00,23.8,,2.3,86
119,수원,2023-09-19 20:00,23.3,,0.6,88
119,수원,2023-09-19 21:00,23.1,,1.3,89
119,수원,2023-09-19 22:00,22.9,,0.6,90
119,수원,2023-09-19 23:00,22.4,,1.1,93
119,수원,2023-09-20 0:00,22.4,,0.3,92
119,수원,2023-09-20 1:00,22.5,,0.7,93
119,수원,2023-09-20 2:00,22.1,,0.4,94
119,수원,2023-09-20 3:00,22.2,0,0.2,95
119,수원,2023-09-20 4:00,22,0.1,0.2,96
119,수원,2023-09-20 5:00,21.9,0,0.2,96
119,수원,2023-09-20 6:00,22.1,0.2,1.7,93
119,수원,2023-09-20 7:00,21.9,0.2,0.7,88
119,수원,2023-09-20 8:00,21.9,0.2,1.5,88
119,수원,2023-09-20 9:00,21.9,0.3,0.6,90
119,수원,2023-09-20 10:00,21.5,1.5,0.5,93
119,수원,2023-09-20 11:00,21.3,1.8,1.6,91
119,수원,2023-09-20 12:00,21.1,1,2.9,90
119,수원,2023-09-20 13:00,20.5,2.4,2.7,93
119,수원,2023-09-20 14:00,20.3,3,3.1,94
119,수원,2023-09-20 15:00,20,5.5,2.1,96
119,수원,2023-09-20 16:00,19.5,8.7,3.6,94
119,수원,2023-09-20 17:00,19.1,7.6,2.2,94
119,수원,2023-09-20 18:00,18.8,3.4,3.1,93
119,수원,2023-09-20 19:00,18.9,0.5,3,92
119,수원,2023-09-20 20:00,19.1,0.1,3.8,91
119,수원,2023-09-20 21:00,19.7,0.1,2.8,88
119,수원,2023-09-20 22:00,19.9,0,0.8,85
119,수원,2023-09-20 23:00,20.1,,1.6,84
119,수원,2023-09-21 0:00,19.9,,1.7,73
119,수원,2023-09-21 1:00,19.1,,2.4,72
119,수원,2023-09-21 2:00,19.3,,2.4,69
119,수원,2023-09-21 3:00,19.3,,2,68
119,수원,2023-09-21 4:00,19.4,,2.2,68
119,수원,2023-09-21 5:00,19.5,,2.4,68
119,수원,2023-09-21 6:00,19.3,,3.8,68
119,수원,2023-09-21 7:00,17.8,0,2.7,81
119,수원,2023-09-21 8:00,19.4,,0.9,73
119,수원,2023-09-21 9:00,20.5,,2,66
119,수원,2023-09-21 10:00,20.4,,2.1,64
119,수원,2023-09-21 11:00,21.5,,2,61
119,수원,2023-09-21 12:00,21.5,,1.6,59
119,수원,2023-09-21 13:00,21.9,,1.7,62
119,수원,2023-09-21 14:00,22.1,,1.4,59
119,수원,2023-09-21 15:00,22.3,,1.4,57
119,수원,2023-09-21 16:00,22.1,,1.1,58
119,수원,2023-09-21 17:00,21.8,,0.5,58
119,수원,2023-09-21 18:00,20.9,,0.8,65
119,수원,2023-09-21 19:00,20.1,,0,74
119,수원,2023-09-21 20:00,18.9,,0.2,81
119,수원,2023-09-21 21:00,18.1,,0.6,85
119,수원,2023-09-21 22:00,17.3,,0.4,89
119,수원,2023-09-21 23:00,16.5,,0.7,92
119,수원,2023-09-22 0:00,15.8,,1.1,94
119,수원,2023-09-22 1:00,15.2,,1.1,94
119,수원,2023-09-22 2:00,14.8,,1.4,96
119,수원,2023-09-22 3:00,14.4,,0.4,95
119,수원,2023-09-22 4:00,14.2,,0,97
119,수원,2023-09-22 5:00,14,,0.6,97
119,수원,2023-09-22 6:00,14.2,,0.6,98
119,수원,2023-09-22 7:00,14.5,,0.2,99
119,수원,2023-09-22 8:00,16.4,,0.2,96
119,수원,2023-09-22 9:00,19.6,,0.7,77
119,수원,2023-09-22 10:00,20.8,,1.3,72
119,수원,2023-09-22 11:00,22.5,,1.8,59
119,수원,2023-09-22 12:00,23.9,,1.3,54
119,수원,2023-09-22 13:00,23.3,,2.6,52
119,수원,2023-09-22 14:00,24.9,,1.9,40
119,수원,2023-09-22 15:00,25.9,,1.5,43
119,수원,2023-09-22 16:00,25.8,,2.4,43
119,수원,2023-09-22 17:00,25.7,,2,43
119,수원,2023-09-22 18:00,23.6,,2.4,52
119,수원,2023-09-22 19:00,21.2,,1.7,63
119,수원,2023-09-22 20:00,19.9,,1.9,71
119,수원,2023-09-22 21:00,18.7,,0.9,79
119,수원,2023-09-22 22:00,18.6,,2,82
119,수원,2023-09-22 23:00,17.5,,0.8,86
119,수원,2023-09-23 0:00,17,,0.5,90
119,수원,2023-09-23 1:00,16.6,,0.7,93
119,수원,2023-09-23 2:00,16.7,,1.2,92
119,수원,2023-09-23 3:00,16.5,,0.1,92
119,수원,2023-09-23 4:00,16.3,,0.7,93
119,수원,2023-09-23 5:00,16.3,,1.1,94
119,수원,2023-09-23 6:00,16.1,,0.4,93
119,수원,2023-09-23 7:00,16.9,,1,88
119,수원,2023-09-23 8:00,18.5,,1.8,82
119,수원,2023-09-23 9:00,20.2,,1.6,72
119,수원,2023-09-23 10:00,21.9,,2.3,63
119,수원,2023-09-23 11:00,23.5,,2.8,57
119,수원,2023-09-23 12:00,24.5,,2.6,47
119,수원,2023-09-23 13:00,25.1,,2.7,47
119,수원,2023-09-23 14:00,25.4,,2.5,43
119,수원,2023-09-23 15:00,25.1,,3.6,46
119,수원,2023-09-23 16:00,25.2,,2.9,47
119,수원,2023-09-23 17:00,25.5,,2,47
119,수원,2023-09-23 18:00,25,,0.9,50
119,수원,2023-09-23 19:00,23,,1.3,60
119,수원,2023-09-23 20:00,22.4,,2.4,64
119,수원,2023-09-23 21:00,22.2,,2.8,62
119,수원,2023-09-23 22:00,21.6,,3.1,64
119,수원,2023-09-23 23:00,20.9,,2.8,65
119,수원,2023-09-24 0:00,20.4,,2.7,67
119,수원,2023-09-24 1:00,19.5,,1.1,72
119,수원,2023-09-24 2:00,19.2,,2.1,73
119,수원,2023-09-24 3:00,18.3,,1.6,76
119,수원,2023-09-24 4:00,18.1,,1.4,77
119,수원,2023-09-24 5:00,16.5,,1.1,83
119,수원,2023-09-24 6:00,15.9,,0.4,84
119,수원,2023-09-24 7:00,17.5,,2,74
119,수원,2023-09-24 8:00,19.8,,2.5,65
119,수원,2023-09-24 9:00,21.1,,3.9,58
119,수원,2023-09-24 10:00,22,,3.3,55
119,수원,2023-09-24 11:00,23.5,,3.3,47
119,수원,2023-09-24 12:00,24.3,,3.3,43
119,수원,2023-09-24 13:00,24.6,,4.1,42
119,수원,2023-09-24 14:00,24.6,,4.7,42
119,수원,2023-09-24 15:00,24.6,,3.9,43
119,수원,2023-09-24 16:00,24.5,,3.3,41
119,수원,2023-09-24 17:00,24.2,,3.6,43
119,수원,2023-09-24 18:00,23.3,,3.4,46
119,수원,2023-09-24 19:00,22.5,,2.4,50
119,수원,2023-09-24 20:00,22.3,,2.4,53
119,수원,2023-09-24 21:00,21.9,,2.9,55
119,수원,2023-09-24 22:00,21.2,,5.1,56
119,수원,2023-09-24 23:00,20.5,,2.9,57
119,수원,2023-09-25 0:00,20.1,,3,59
119,수원,2023-09-25 1:00,19.8,,3.3,59
119,수원,2023-09-25 2:00,19.5,0,3,60
119,수원,2023-09-25 3:00,19.4,0,1.8,61
119,수원,2023-09-25 4:00,19.5,0,2.2,62
119,수원,2023-09-25 5:00,18.9,0,0.5,67
119,수원,2023-09-25 6:00,19,,2.1,66
119,수원,2023-09-25 7:00,18.9,,1.7,67
119,수원,2023-09-25 8:00,19.4,,2.3,68
119,수원,2023-09-25 9:00,21,,3.1,62
119,수원,2023-09-25 10:00,22.4,,3.2,59
119,수원,2023-09-25 11:00,24.1,,2.8,54
119,수원,2023-09-25 12:00,24.4,,2.6,51
119,수원,2023-09-25 13:00,25.4,,2.4,50
119,수원,2023-09-25 14:00,25.6,,0.9,51
119,수원,2023-09-25 15:00,25.1,,1.8,54
119,수원,2023-09-25 16:00,24.7,0,2,55
119,수원,2023-09-25 17:00,23.8,0,1.4,62
119,수원,2023-09-25 18:00,22.4,0,0.9,75
119,수원,2023-09-25 19:00,22.1,0,1,77
119,수원,2023-09-25 20:00,21.6,0,1.7,79
119,수원,2023-09-25 21:00,21.8,0,0.3,76
119,수원,2023-09-25 22:00,21.3,0,0.5,79
119,수원,2023-09-25 23:00,21,0,1.6,80
119,수원,2023-09-26 0:00,19.9,0.1,1.5,89
119,수원,2023-09-26 1:00,19.2,2,2.5,95
119,수원,2023-09-26 2:00,19.2,2.4,1.2,97
119,수원,2023-09-26 3:00,19.2,4.1,2,97
119,수원,2023-09-26 4:00,19,4.5,0,97
119,수원,2023-09-26 5:00,18.8,1.9,1.4,97
119,수원,2023-09-26 6:00,18.9,3.6,2.5,97
119,수원,2023-09-26 7:00,19.2,1.5,2.4,97
119,수원,2023-09-26 8:00,19.4,0.4,2.8,96
119,수원,2023-09-26 9:00,19.7,0.6,1.6,96
119,수원,2023-09-26 10:00,19.9,0.6,1.7,97
119,수원,2023-09-26 11:00,20.2,1.8,2.2,96
119,수원,2023-09-26 12:00,20.3,1.6,3.1,96
119,수원,2023-09-26 13:00,20.5,0.9,2.6,96
119,수원,2023-09-26 14:00,20.5,0.3,1.9,96
119,수원,2023-09-26 15:00,20.5,1.9,1.1,98
119,수원,2023-09-26 16:00,20.7,0.7,1.5,96
119,수원,2023-09-26 17:00,21,0.1,1.7,96
119,수원,2023-09-26 18:00,21.1,0.3,2,96
119,수원,2023-09-26 19:00,21.2,0,1.3,95
119,수원,2023-09-26 20:00,21.1,0.3,1.4,96
119,수원,2023-09-26 21:00,20.9,1.2,1.2,97
119,수원,2023-09-26 22:00,20.8,0.7,2.5,97
119,수원,2023-09-26 23:00,20.7,1.2,2.1,98
119,수원,2023-09-27 0:00,20.5,2.1,2.3,98
119,수원,2023-09-27 1:00,20.4,1.7,1.6,98
119,수원,2023-09-27 2:00,20.4,0.8,1.3,98
119,수원,2023-09-27 3:00,20.3,1.1,1.7,98
119,수원,2023-09-27 4:00,20.3,0.6,0.7,98
119,수원,2023-09-27 5:00,20.3,0.8,0.5,98
119,수원,2023-09-27 6:00,20.2,2.6,1.2,99
119,수원,2023-09-27 7:00,20,0.4,1.5,99
119,수원,2023-09-27 8:00,20.2,0.4,1.6,99
119,수원,2023-09-27 9:00,21,0.1,1.8,95
119,수원,2023-09-27 10:00,21.4,0,2,96
119,수원,2023-09-27 11:00,21.4,0,2,94
119,수원,2023-09-27 12:00,21.8,0,2.3,93
119,수원,2023-09-27 13:00,22.9,,2.7,86
119,수원,2023-09-27 14:00,23.4,,1.9,81
119,수원,2023-09-27 15:00,22.7,,2.7,86
119,수원,2023-09-27 16:00,22,,1.8,85
119,수원,2023-09-27 17:00,21.9,,2.1,86
119,수원,2023-09-27 18:00,21.8,,1.8,86
119,수원,2023-09-27 19:00,21.5,,2,87
119,수원,2023-09-27 20:00,21.1,,1.2,89
119,수원,2023-09-27 21:00,20.8,,1.4,90
119,수원,2023-09-27 22:00,20.8,,0.5,90
119,수원,2023-09-27 23:00,20.7,,1,90
119,수원,2023-09-28 0:00,20.2,,0.9,93
119,수원,2023-09-28 1:00,19.9,,0.3,94
119,수원,2023-09-28 2:00,20.3,,1.6,94
119,수원,2023-09-28 3:00,20.2,,0.8,94
119,수원,2023-09-28 4:00,20.1,,0.7,95
119,수원,2023-09-28 5:00,19.6,,1.3,92
119,수원,2023-09-28 6:00,18.8,,0.8,92
119,수원,2023-09-28 7:00,18.6,,0.4,96
119,수원,2023-09-28 8:00,19.7,,0.4,94
119,수원,2023-09-28 9:00,22,,0.8,83
119,수원,2023-09-28 10:00,23.2,,2,74
119,수원,2023-09-28 11:00,23.9,,2,72
119,수원,2023-09-28 12:00,24.6,,2.8,69
119,수원,2023-09-28 13:00,26.2,,2.9,63
119,수원,2023-09-28 14:00,26,,3.4,59
119,수원,2023-09-28 15:00,26.2,,3.2,59
119,수원,2023-09-28 16:00,25.3,,3.3,63
119,수원,2023-09-28 17:00,24.7,,2.6,67
119,수원,2023-09-28 18:00,23,,1.9,73
119,수원,2023-09-28 19:00,21.3,,2.6,84
119,수원,2023-09-28 20:00,20.7,,2.8,90
119,수원,2023-09-28 21:00,20.2,,1.7,92
119,수원,2023-09-28 22:00,20.1,,1.1,92
119,수원,2023-09-28 23:00,19.7,,0.6,93
119,수원,2023-09-29 0:00,19,,0.8,95
119,수원,2023-09-29 1:00,18.8,,0.1,96
119,수원,2023-09-29 2:00,18.7,,1.2,99
119,수원,2023-09-29 3:00,18.9,,0.5,99
119,수원,2023-09-29 4:00,18.5,,0.7,98
119,수원,2023-09-29 5:00,18.6,,1.1,98
119,수원,2023-09-29 6:00,18.1,,1.2,98
119,수원,2023-09-29 7:00,17.9,,1.1,99
119,수원,2023-09-29 8:00,18.3,,0.5,99
119,수원,2023-09-29 9:00,19.2,,0.5,96
119,수원,2023-09-29 10:00,20.1,,1.1,87
119,수원,2023-09-29 11:00,21.6,,0.5,72
119,수원,2023-09-29 12:00,23.4,,1.5,55
119,수원,2023-09-29 13:00,25,,1.2,40
119,수원,2023-09-29 14:00,25.7,,1.6,45
119,수원,2023-09-29 15:00,25.9,,1.8,40
119,수원,2023-09-29 16:00,26.2,,2.4,35
119,수원,2023-09-29 17:00,24.3,,2.9,48
119,수원,2023-09-29 18:00,22.1,,2.1,61
119,수원,2023-09-29 19:00,20.7,,1.9,68
119,수원,2023-09-29 20:00,19.3,,0.3,74
119,수원,2023-09-29 21:00,18.7,,0.1,79
119,수원,2023-09-29 22:00,18.5,,0,82
119,수원,2023-09-29 23:00,18.3,,0.2,83
119,수원,2023-09-30 0:00,17.9,,0.2,86
119,수원,2023-09-30 1:00,17.7,0,0.2,90
119,수원,2023-09-30 2:00,17.4,0.1,0,90
119,수원,2023-09-30 3:00,17.7,0.4,1.7,94
